"group","mean","sd","ymin","ymax"
"RCP_Normal",12.0614421247826,2.25438006972356,9.80706205505905,14.3158221945062
"RCP_PFR",10.0016211130682,2.10043111813199,7.90118999493619,12.1020522312002
"WAP1_PFR",10.7196632814898,2.46830429035943,8.25135899113037,13.1879675718492
"WAP1P_PFR",11.02510147175,2.38656677311079,8.63853469863921,13.4116682448608
"WAP2_PFR",11.9027091252346,1.81887099990399,10.0838381253306,13.7215801251386
"WAP2P_PFR",10.8810549873654,2.49522678317026,8.38582820419513,13.3762817705356
