"numDF","denDF","F-value","p-value"
1,3478,1014.25003415075,0
2,3478,11.1173036089845,1.53880661701855e-05
