"","df","AIC"
"m1_ML",9,-3069.72751458501
"m2_ML",12,-3542.08950911964
"m3_ML",18,-3611.32515028168
