"numDF","denDF","F-value","p-value"
1,3478,868.957376206544,0
2,3478,5.07965139774914,0.00626831979762155
