"numDF","denDF","F-value","p-value"
1,3466,804.246827401025,0
2,3466,5.97326093315266,0.00257220882604847
4,3466,325.531870168604,0
8,3466,2.61261157679183,0.00753953337724089
