"","df","AIC"
"m1_ML",9,31002.2750666091
"m2_ML",12,30717.9553185345
"m3_ML",18,30672.9171759927
