"numDF","denDF","F-value","p-value"
1,3466,1063.20253279299,0
2,3466,13.3264683559105,1.71604142096271e-06
4,3466,548.585783644838,0
8,3466,7.67448297246563,3.08761460843243e-10
